"Age","Total.Deviance","Residual.Deviance","Correlation","AUC","Per.Expl","cvDeviance","cvCorrelation","cvAUC","cvPer.Expl"
1,692.795468964912,249.0810393209,0.805725403759038,0,64.0469589541275,373.589321482917,0.682246585460812,0,46.0750916802202
2,633.573377646876,296.899322575953,0.742208943555944,0,53.1389207547432,433.347392486646,0.562995290836326,0,31.6026512830888
3,704.14928020306,302.044718769814,0.777690709663985,0,57.1050163279707,501.904519213592,0.539655691621978,0,28.7218586563272
4,731.495102532165,359.191687477874,0.746863293499212,0,50.8962279809549,569.742767865516,0.468745922896374,0,22.11256563533
5,658.693622013771,360.366330170424,0.712650310926527,0,45.2907515532479,543.924953622293,0.418415682547145,0,17.4236799258212
6,598.814841183149,309.371834429382,0.736045533334034,0,48.3359774754213,490.664142769558,0.424787799169817,0,18.0607912455719
7,635.108694753583,276.603818501134,0.787130720646948,0,56.4477984971605,494.941961575447,0.472050649286131,0,22.0697235506308
8,615.849340617757,217.613769464737,0.823862876063257,0,64.6644471119431,417.054309630294,0.570115790387,0,32.2798155126791
