"","Parameter","Eta2_partial","CI","CI_low","CI_high","Interpretation"
"1","year",0.00500370632596593,0.95,0.00243542332743081,1,"very small"
"2","AGE",0.761903751654594,0.95,0.754667924795824,1,"large"
"3","logarea",0.00363178661975036,0.95,0.00150918677801939,1,"very small"
"4","logdepth",0.00106367053542858,0.95,0.00012315720077493,1,"very small"
"5","year:AGE",0.020384136101187,0.95,0.013905355619088,1,"small"
