"","Parameter","Eta2_partial","CI","CI_low","CI_high","Interpretation"
"1","year",0.000185666587022218,0.95,0,1,"very small"
"2","AGE",0.715912076365169,0.95,0.734891513097228,1,"large"
"3","logarea",0.00254712918360339,0.95,0.001251944180491,1,"very small"
"4","logdepth",0.00316642664547268,0.95,0.00169697384390561,1,"very small"
"5","year:AGE",0.035509167826199,0.95,0.0297917248602207,1,"small"
