"","Parameter","Eta2_partial","CI","CI_low","CI_high","Interpretation"
"1","year",0.0115548669322629,0.95,0.00848668584691176,1,"very small"
"2","AGE",0.753014948704127,0.95,0.770310882599826,1,"large"
"3","logarea",0.000992428187550054,0.95,0.000254601673728048,1,"very small"
"4","logdepth",0.00104803451102257,0.95,0.000283166028467938,1,"very small"
"5","doy",0.0737326757970388,0.95,0.0662056716027033,1,"small"
"6","year:AGE",0.0780358818603263,0.95,0.0698768880037376,1,"small"
